Blancas,Negras,Result,ECO,Opening
SuperSayayinDios,AngelLuque,1-0,C00,French Defense: Normal Variation
Darshan_Kanuri,AngelLuque,0-1,A00,Hungarian
AngelLuque,Darshan_Kanuri,0-1,A00,Van't Kruijs
Darshan_Kanuri,AngelLuque,1-0,A00,Hungarian
AngelLuque,Darshan_Kanuri,0-1,A00,Hungarian
Darshan_Kanuri,AngelLuque,1-0,A00,Hungarian
yashas_202419,AngelLuque,1-0,A00,Gedult's
ibrahim_aslan,AngelLuque,0-1,C00,French Defense: Knight Variation
Anna_Sophie,AngelLuque,1-0,A04,Zukertort : Pirc Invitation
AngelLuque,Anna_Sophie,0-1,A00,Van't Kruijs
AngelLuque,Yanare,1-0,A00,Van't Kruijs
ASebastian_SanRamon,AngelLuque,1-0,A41,Queen's Pawn Game
AngelLuque,CaldodeMazapan,0-1,A00,Van't Kruijs
CaldodeMazapan,AngelLuque,1-0,C00,Rat Defense: Small Center Defense
AngelLuque,aatulya_shiva,0-1,A00,Hungarian : Slav Formation
aatulya_shiva,AngelLuque,1-0,C00,French Defense: Knight Variation
AngelLuque,j_smerdel54,1-0,A00,Van't Kruijs
j_smerdel54,AngelLuque,1-0,C00,French Defense: Queen's Knight
AngelLuque,j_smerdel54,1-0,A00,Van't Kruijs
AngelLuque,Rohitbhupalam,0-1,A00,Van't Kruijs
AngelLuque,LeoGF,0-1,A00,Van't Kruijs
AngelLuque,cchallenge355,0-1,C25,Vienna Game: Anderssen Defense
AngelLuque,Murilogs,1-0,B01,Scandinavian Defense: Mieses-Kotroc Variation
pysalmon,AngelLuque,0-1,C00,Rat Defense: Small Center Defense
PoulpeDeter38,AngelLuque,0-1,C44,Scotch Game
AngelLuque,Bad_Opening,1-0,C25,Vienna Game: Paulsen Variation
CoolDudeChess,AngelLuque,0-1,D00,Queen's Pawn Game: Mason Variation
AngelLuque,ashotvazilinov,0-1,B29,Sicilian Defense: Nimzowitsch Variation
Erlik28,AngelLuque,1/2-1/2,C00,French Defense
ConquerorChess,AngelLuque,1-0,C00,Rat Defense: Small Center Defense
AngelLuque,ConquerorChess,1/2-1/2,B20,Sicilian Defense
AngelLuque,kiachess_master90,0-1,C40,King's Pawn Game: Busch-Gass Gambit
Passion2Play,AngelLuque,0-1,A00,Van Geet : Reversed Nimzowitsch
AngelLuque,I-Saswata_01,1-0,A00,Van't Kruijs
Wunders,AngelLuque,1-0,C00,French Defense
zamogholi,AngelLuque,0-1,A01,Nimzo-Larsen Attack
AngelLuque,Isunshining,1-0,A00,Van't Kruijs
CheckaKhan,AngelLuque,0-1,C47,Four Knights Game: Scotch Variation
vladsuar,AngelLuque,1-0,A40,Queen's Pawn Game
AngelLuque,edwuinb1,0-1,-1,-1
Williams_Abreu78,AngelLuque,1-0,B27,Sicilian Defense: Hyperaccelerated Dragon
AngelLuque,vladsuar,0-1,B54,Sicilian Defense: Accelerated Dragon
jeffren10,AngelLuque,1-0,B00,King's Pawn
guadajg,AngelLuque,1-0,B00,King's Pawn
AngelLuque,Williams_Abreu78,0-1,B27,Sicilian Defense: Hyperaccelerated Fianchetto
AngelLuque,oscarhernadez,0-1,-1,-1
edwuinb1,AngelLuque,1-0,B00,King's Pawn
jeffren10,AngelLuque,1-0,C50,Italian Game: Giuoco Pianissimo
DeepZi,AngelLuque,1/2-1/2,D07,Queen's Gambit Declined: Chigorin Defense
AngelLuque,DeepZi,0-1,C57,"Italian Game: Two Knights Defense, Fritz Variation"
AngelLuque,jjejjejje,0-1,B01,Scandinavian Defense: Main Line
AngelLuque,B61302865LEANDRO,1-0,C50,Italian Game
AngelLuque,logankei2015,0-1,B00,Nimzowitsch Defense: Williams Variation
AngelLuque,lichess AI level 1,0-1,C00,French Defense
Koncheta,AngelLuque,1-0,D02,Queen's Pawn Game: Zukertort Variation
michaelmay248,AngelLuque,1-0,A00,Van't Kruijs
AngelLuque,Jp_chessplay,0-1,A00,Van't Kruijs
Jp_chessplay,AngelLuque,1-0,B00,Pirc Defense
noobplayerr,AngelLuque,0-1,A40,Horwitz Defense
AngelLuque,chriss1,0-1,B00,Pirc Defense
Rainman024,AngelLuque,1-0,C00,Rat Defense: Small Center Defense
vitocatur7,AngelLuque,1-0,C00,French Defense: Steiner Variation
AngelLuque,Dhimanji1,1-0,A00,Van't Kruijs
AngelLuque,arjun813,1-0,A00,Van't Kruijs
arjun813,AngelLuque,0-1,C00,French Defense
AngelLuque,arjun813,1-0,A00,Van't Kruijs
AngelLuque,Joncena958,1-0,A00,Van't Kruijs
Fa11enEmpire,AngelLuque,0-1,C00,French Defense: Steinitz Attack
T-Will,AngelLuque,1-0,A40,Horwitz Defense
jef808,AngelLuque,1-0,A40,Horwitz Defense
AngelLuque,ohidulislam725,0-1,A00,Van't Kruijs
AngelLuque,Urugamoth,0-1,A00,Van't Kruijs
Pynch,AngelLuque,0-1,C00,French Defense: Knight Variation
AngelLuque,cuzzyK,0-1,A00,Van't Kruijs
Mcandrew,AngelLuque,1-0,A41,Queen's Pawn Game
AngelLuque,dario-pal,0-1,C42,Russian Game: Three Knights Game
AngelLuque,Max-333,0-1,C00,French Defense: Knight Variation
AngelLuque,NikkPolll,0-1,A00,Van't Kruijs
Al_Sorna,AngelLuque,0-1,A04,Zukertort : Queen's Gambit Invitation
fditomaso,AngelLuque,0-1,B00,Pirc Defense
AngelLuque,fditomaso,0-1,C41,Philidor Defense
fditomaso,AngelLuque,0-1,C00,French Defense: Knight Variation
AngelLuque,fditomaso,1-0,A00,Van't Kruijs
fditomaso,AngelLuque,0-1,C00,French Defense: Knight Variation
AngelLuque,fditomaso,1-0,A00,Van't Kruijs
fditomaso,AngelLuque,0-1,C00,French Defense: Steinitz Attack
AngelLuque,MerTTuncer,0-1,B01,Scandinavian Defense: Classical Variation
MerTTuncer,AngelLuque,1-0,C00,French Defense: Queen's Knight
AngelLuque,MerTTuncer,0-1,A00,Van't Kruijs
MerTTuncer,AngelLuque,1-0,C00,French Defense: Queen's Knight
AngelLuque,dk_pocket,0-1,B06,Modern Defense
Grandmasterzurg,AngelLuque,1-0,C00,Rat Defense: Small Center Defense
genady555,AngelLuque,1-0,-1,-1
AngelLuque,KINGVADER1,1-0,-1,-1
hazard963,AngelLuque,0-1,-1,-1
AngelLuque,hazard963,0-1,-1,-1
KINGVADER1,AngelLuque,1-0,-1,-1
AngelLuque,Diyanparmar,1-0,-1,-1
Diyanparmar,AngelLuque,0-1,-1,-1
AngelLuque,IndiaRocks,1-0,-1,-1
AngelLuque,lazyking23,0-1,-1,-1
Gravindar,AngelLuque,1-0,-1,-1
nilesha2009,AngelLuque,1-0,-1,-1
AngelLuque,nilesha2009,0-1,-1,-1
MuhammadSameer_Tenby,AngelLuque,1-0,-1,-1
AngelLuque,IS_POBEDA,0-1,-1,-1
AngelLuque,Farsal,1/2-1/2,C40,King's Pawn Game: Damiano Defense
AARYANSAVALIA,AngelLuque,1-0,-1,-1
AngelLuque,Sammy122809,0-1,-1,-1
MIHIR_SHAH17,AngelLuque,0-1,-1,-1
AngelLuque,Christinenj,0-1,-1,-1
Sangkeerthana,AngelLuque,0-1,-1,-1
Danil_Edalov77,AngelLuque,1-0,-1,-1
vishal1998,AngelLuque,1-0,A00,Van't Kruijs
AngelLuque,Yash5507,0-1,A00,Van't Kruijs
YuvrajS,AngelLuque,1-0,A00,Van't Kruijs
AngelLuque,Yotebersekeo,0-1,A00,Van't Kruijs
Bolt88,AngelLuque,1-0,C00,French Defense
LukaszS,AngelLuque,1-0,A00,Mieses
AngelLuque,MontMagg,1-0,A00,Van't Kruijs
AngelLuque,DagdanOwezow,0-1,A00,Van't Kruijs
Hendralem,AngelLuque,1-0,C00,Rat Defense: Small Center Defense
AngelLuque,GeneralBeefheart,0-1,-1,-1
Srush1,AngelLuque,1-0,C00,French Defense: Knight Variation
skppulai_L12_Zulfitr,AngelLuque,0-1,A00,Polish
AngelLuque,dikku_2k20,1/2-1/2,C41,Philidor Defense
AngelLuque,juseph,0-1,C42,Russian Game: Three Knights Game
El3ctro,AngelLuque,1-0,C44,King's Knight : Normal Variation
AngelLuque,TigrePierre,0-1,C57,"Italian Game: Two Knights Defense, Knight Attack, Normal Variation"
DreamAR,AngelLuque,1-0,C00,French Defense: Queen's Knight
mherize,AngelLuque,1-0,A04,Zukertort : Queen's Gambit Invitation
AngelLuque,DrPennywise,0-1,A00,Van't Kruijs
AngelLuque,vladsuar,0-1,-1,-1
douglasabreu,AngelLuque,1-0,C00,Rat Defense: Small Center Defense
AngelLuque,ragrava,1-0,A00,Van't Kruijs
AngelLuque,DrPennywise,0-1,A00,Van't Kruijs
Alan_Abreu,AngelLuque,1-0,B00,King's Pawn
AngelLuque,douglasabreu,1-0,A00,Mieses : Reversed Rat
vladsuar,AngelLuque,1-0,A40,Horwitz Defense
AngelLuque,ragrava,1-0,A00,Van't Kruijs
AngelLuque,jeffren10,0-1,A00,Van't Kruijs
vladsuar,AngelLuque,1-0,A40,Horwitz Defense
douglasabreu,AngelLuque,1-0,C00,Rat Defense: Small Center Defense
AngelLuque,vladsuar,0-1,A00,Van't Kruijs
douglasabreu,AngelLuque,1-0,C00,Rat Defense: Small Center Defense
AngelLuque,vladsuar,0-1,A00,Van't Kruijs
mherize,AngelLuque,1-0,A04,Zukertort
AngelLuque,douglasabreu,0-1,A00,Van't Kruijs
DrPennywise,AngelLuque,1-0,C00,French Defense
AngelLuque,Zushio,0-1,A00,Van't Kruijs
Zushio,AngelLuque,1-0,C00,French Defense
AngelLuque,Zushio,0-1,A00,Van't Kruijs
Zushio,AngelLuque,1-0,C00,French Defense
AngelLuque,Marquinho002,0-1,B01,Scandinavian Defense: Main Line
NonoM,AngelLuque,1-0,C44,King's Knight : Konstantinopolsky
PilotoX,AngelLuque,1-0,D00,Queen's Pawn Game
AngelLuque,Trucoki,0-1,B00,Owen Defense
Trucoki,AngelLuque,0-1,A00,Polish
AngelLuque,Trucoki,1-0,B06,Modern Defense
Trucoki,AngelLuque,0-1,A06,Zukertort
AngelLuque,Trucoki,0-1,B00,Nimzowitsch Defense: Declined Variation
Rothaus666,AngelLuque,1-0,C00,French Defense: Queen's Knight
Sanzay,AngelLuque,1-0,C00,French Defense: Steinitz Attack
AngelLuque,creathix,0-1,A00,Van't Kruijs
AngelLuque,MaelaParrales,1-0,C50,"Italian Game: Giuoco Pianissimo, Normal"
N8_Alexander,AngelLuque,1/2-1/2,C48,Four Knights Game: Spanish Variation
AngelLuque,francisco559,1-0,C50,Italian Game
Harlan2010,AngelLuque,1-0,C50,Four Knights Game: Italian Variation
AngelLuque,Ariadne_vilela_410-8,1-0,C40,Latvian Gambit Accepted
AngelLuque,Perseo20,0-1,C57,"Italian Game: Two Knights Defense, Ponziani-Steinitz Gambit"
DANIELALEJANDROO,AngelLuque,1-0,C50,"Italian Game: Classical Variation, Albin Gambit"
AngelLuque,JamalCrawford,0-1,A00,Van't Kruijs
nvardhay012,AngelLuque,1-0,A00,Mieses
AngelLuque,Taimon,0-1,-1,-1
chessroshi89,AngelLuque,1-0,A41,Old Indian Defense
AngelLuque,Ahmedelzain,0-1,A00,Van't Kruijs
mohammedGG,AngelLuque,1-0,A40,Horwitz Defense
AngelLuque,Bagzyymogues,0-1,A00,Van't Kruijs
AngelLuque,rkido,0-1,A00,Van't Kruijs
mckinneyjb3,AngelLuque,0-1,C00,Rat Defense: Small Center Defense
AngelLuque,rkido,0-1,A00,Van't Kruijs
tdyre,AngelLuque,1-0,C00,French Defense
AngelLuque,Pumped_up,0-1,A00,Van't Kruijs
AngelLuque,Rbthome,0-1,A00,Van't Kruijs
Rbthome,AngelLuque,1/2-1/2,C00,French Defense: Knight Variation
AngelLuque,Rbthome,1-0,C20,King's Pawn Game: Leonardis Variation
AngelLuque,BruceTheMoose,0-1,A00,Van't Kruijs
BruceTheMoose,AngelLuque,1-0,C00,French Defense: La Bourdonnais Variation
AngelLuque,BruceTheMoose,1-0,A00,Van't Kruijs
BruceTheMoose,AngelLuque,1-0,C00,Rat Defense: Small Center Defense
Aaditya2828,AngelLuque,0-1,C40,King's Pawn Game: Damiano Defense
AngelLuque,cuvalda,0-1,B00,Nimzowitsch Defense: Franco-Nimzowitsch Variation
frozana,AngelLuque,1-0,A00,Mieses
AngelLuque,Porras32,0-1,C60,Ruy Lopez: Cozio Defense
AngelLuque,Pappfigur,1/2-1/2,A00,Van't Kruijs
Pappfigur,AngelLuque,1-0,A41,Queen's Pawn Game
AngelLuque,Pappfigur,0-1,A00,Van't Kruijs
Pappfigur,AngelLuque,1-0,B00,Pirc Defense
AngelLuque,oceousman,1/2-1/2,C40,King's Pawn Game: McConnell Defense
Virajkevate,AngelLuque,1-0,A40,Horwitz Defense
AngelLuque,LaCaja,1-0,A00,Van't Kruijs
AngelLuque,king_8888,1-0,A00,Van't Kruijs
AngelLuque,aatulya_shiva,0-1,A00,Van't Kruijs
AngelLuque,Renetorrez_3,0-1,C42,Russian Game: Nimzowitsch Attack
Vickaar,AngelLuque,1-0,C46,Three Knights
passionate010,AngelLuque,1-0,C00,French Defense: Steiner Variation
Askardas,AngelLuque,1-0,C00,French Defense: Queen's Knight
AngelLuque,BasilChess2020,1-0,A00,Mieses
escargot77,AngelLuque,0-1,A40,Horwitz Defense
chibby_ikem,AngelLuque,1/2-1/2,C00,French Defense: Knight Variation
AngelLuque,Jesudeyi,1/2-1/2,A00,Van't Kruijs
fouikiai,AngelLuque,0-1,A40,Horwitz Defense
AngelLuque,EddieChess88,1-0,A00,Van't Kruijs
AngelLuque,grego77,0-1,-1,-1
AngelLuque,grego77,0-1,A00,Van't Kruijs
Navajo_Chess,AngelLuque,0-1,C00,French Defense: La Bourdonnais Variation
AngelLuque,Navajo_Chess,0-1,A00,Van't Kruijs
Navajo_Chess,AngelLuque,0-1,C00,French Defense: La Bourdonnais Variation
mehtiozyurek,AngelLuque,1-0,C00,French Defense: Knight Variation
AngelLuque,RSama,0-1,A00,Van't Kruijs
rambo8,AngelLuque,1-0,C00,French Defense: La Bourdonnais Variation
DanBoyo,AngelLuque,1-0,A40,Horwitz Defense
AngelLuque,jordanpadillatamayo,1-0,A00,Van't Kruijs
Poseidon57,AngelLuque,1-0,C00,French Defense: Knight Variation
AngelLuque,Light13,1-0,A00,Van't Kruijs
Light13,AngelLuque,1-0,C00,French Defense: Carlson Gambit
GreenYellowArmy,AngelLuque,0-1,C00,French Defense: Knight Variation
AngelLuque,GreenYellowArmy,1-0,A00,Van't Kruijs
GreenYellowArmy,AngelLuque,0-1,C00,French Defense: Knight Variation
AngelLuque,MilanBihani,1/2-1/2,A00,Van't Kruijs
mortcc,AngelLuque,0-1,A00,Saragossa
Bernd58,AngelLuque,1-0,C40,King's Knight
Don1Geilo,AngelLuque,1-0,C62,Ruy Lopez: Steinitz Defense
AngelLuque,Fantom83,0-1,C41,Philidor Defense
Dimitrios_S,AngelLuque,1-0,C50,Four Knights Game: Italian Variation
AngelLuque,amirportiansky,0-1,C50,Italian Game: Schilling-Kostic Gambit
AngelLuque,HasanKarahasanOglu,0-1,A00,Van't Kruijs
AngelLuque,HasanKarahasanOglu,0-1,A00,Van't Kruijs
HasanKarahasanOglu,AngelLuque,1-0,B00,Pirc Defense
AngelLuque,HasanKarahasanOglu,1/2-1/2,C00,French Defense: King's Indian Attack
AngelLuque,rabiafuria,1/2-1/2,A00,Van't Kruijs
AngelLuque,BF2000,1-0,A00,Van't Kruijs
LTKAUNAS,AngelLuque,1-0,A00,Mieses
abhayj123,AngelLuque,0-1,A40,Horwitz Defense
AngelLuque,abhayj123,1-0,A00,Van't Kruijs
abhayj123,AngelLuque,1-0,A40,Horwitz Defense
AngelLuque,abhayj123,1-0,A00,Van't Kruijs
metalpig,AngelLuque,0-1,C00,Rat Defense: Small Center Defense
Portero1983,AngelLuque,0-1,A00,Mieses
AngelLuque,booboo111,0-1,B00,Pirc Defense
ElemYaso,AngelLuque,1/2-1/2,C40,King's Knight
AngelLuque,dipak21,0-1,A00,Van't Kruijs
AngelLuque,MaksimK83,0-1,A00,Van't Kruijs
AngelLuque,BSCR,0-1,A00,Van't Kruijs
RiverM,AngelLuque,0-1,C00,French Defense
AngelLuque,RuRuBrown,1-0,A00,Van't Kruijs
AngelLuque,JJCPT,0-1,A00,Van't Kruijs
yehiaax,AngelLuque,1-0,C00,French Defense: Knight Variation
rOhIt292,AngelLuque,1-0,C00,French Defense: Knight Variation
ikiz2z,AngelLuque,1-0,C00,Rat Defense: Small Center Defense
AngelLuque,ikiz2z,1-0,A00,Van't Kruijs
ikiz2z,AngelLuque,1-0,C00,French Defense: Knight Variation
AngelLuque,CollinTheeStump,1-0,A00,Van't Kruijs
woapa,AngelLuque,0-1,C00,French Defense: Knight Variation
AngelLuque,Lustre_Mark001,0-1,A00,Van't Kruijs
tafaraluv07,AngelLuque,1-0,C00,French Defense: Steinitz Attack
Aravindsuresh007,AngelLuque,0-1,C40,King's Knight
ksanchuk,AngelLuque,1-0,C00,French Defense: Steinitz Attack
AngelLuque,ritvikgiri23,1-0,A00,Van't Kruijs
AngelLuque,brekru,0-1,A00,Mieses : Reversed Rat
AngelLuque,SnailHunter,0-1,A00,Van't Kruijs
AngelLuque,tesekkurlerfatih,1/2-1/2,A00,Van't Kruijs
tesekkurlerfatih,AngelLuque,0-1,C00,Rat Defense: Small Center Defense
stevenrose,AngelLuque,0-1,A00,Hungarian
ikiz2z,AngelLuque,1-0,C00,Rat Defense: Small Center Defense
AngelLuque,ikiz2z,1-0,A00,Mieses
ikiz2z,AngelLuque,1-0,C00,Rat Defense: Small Center Defense
AngelLuque,ikiz2z,1-0,A00,Van't Kruijs
stj989,AngelLuque,1-0,A40,Horwitz Defense
AngelLuque,tesekkurlerfatih,1-0,A00,Van't Kruijs
tesekkurlerfatih,AngelLuque,0-1,A00,Van't Kruijs
AngelLuque,tesekkurlerfatih,1-0,A00,Van't Kruijs
tesekkurlerfatih,AngelLuque,0-1,A00,Van't Kruijs
AngelLuque,tesekkurlerfatih,1-0,A00,Van't Kruijs
tesekkurlerfatih,AngelLuque,0-1,C00,Rat Defense: Small Center Defense
AngelLuque,tesekkurlerfatih,1-0,A00,Van't Kruijs
tesekkurlerfatih,AngelLuque,0-1,A00,Van't Kruijs
AngelLuque,tesekkurlerfatih,1-0,A00,Van't Kruijs
tesekkurlerfatih,AngelLuque,1-0,A00,Van't Kruijs
AngelLuque,tesekkurlerfatih,1-0,A00,Van't Kruijs
tesekkurlerfatih,AngelLuque,1/2-1/2,A00,Van't Kruijs
AngelLuque,tesekkurlerfatih,1-0,A00,Van't Kruijs
tesekkurlerfatih,AngelLuque,0-1,A00,Van't Kruijs
AngelLuque,tesekkurlerfatih,1-0,A00,Mieses
tesekkurlerfatih,AngelLuque,1-0,A00,Van't Kruijs
AngelLuque,tesekkurlerfatih,1-0,A00,Van't Kruijs
tesekkurlerfatih,AngelLuque,1-0,A00,Van't Kruijs
AngelLuque,tesekkurlerfatih,1-0,A00,Van't Kruijs
rkdent,AngelLuque,1-0,C00,Rat Defense: Small Center Defense
fpirez,AngelLuque,1-0,B00,Pirc Defense
AngelLuque,kizami33,0-1,A00,Van't Kruijs
AngelLuque,fercavic,0-1,A00,Van't Kruijs
stefangroothuis,AngelLuque,0-1,C00,French Defense: Knight Variation
Robert_J_Fisher,AngelLuque,1-0,C00,French Defense: Steinitz Attack
AngelLuque,Robert_J_Fisher,0-1,A00,Van't Kruijs
Robert_J_Fisher,AngelLuque,0-1,C00,Rat Defense: Small Center Defense
AngelLuque,Robert_J_Fisher,1-0,A00,Mieses
Robert_J_Fisher,AngelLuque,1-0,C00,French Defense: Knight Variation
AngelLuque,Robert_J_Fisher,1-0,A00,Van't Kruijs
Robert_J_Fisher,AngelLuque,1-0,B01,Scandinavian Defense: Gubinsky-Melts Defense
AngelLuque,Robert_J_Fisher,1-0,B20,Sicilian Defense
Robert_J_Fisher,AngelLuque,0-1,C00,French Defense: Queen's Knight
AngelLuque,Josephdestaubin,1-0,A00,Van't Kruijs
AngelLuque,damf,0-1,A00,Van't Kruijs
AngelLuque,vaz-k1,1-0,A00,Van't Kruijs
vaz-k1,AngelLuque,0-1,C00,French Defense: King's Indian Attack
AngelLuque,vaz-k1,1-0,A00,Van't Kruijs
vaz-k1,AngelLuque,1-0,A00,Van't Kruijs
ASSISI,AngelLuque,1-0,D01,Rapport-Jobava System
FacuGonzalesMaR,AngelLuque,0-1,A00,Van't Kruijs
AngelLuque,FacuGonzalesMaR,0-1,C47,Four Knights Game
FacuGonzalesMaR,AngelLuque,1/2-1/2,-1,-1
AngelLuque,LadyInBlack90,0-1,C00,French Defense: Bird Invitation
Val_War,AngelLuque,0-1,B02,Alekhine Defense: Krejcik Variation
MagnusChess77,AngelLuque,1-0,C20,King's Pawn Game: Wayward Queen Attack
AngelLuque,farzad001,0-1,C50,"Italian Game: Giuoco Pianissimo, Italian Four Knights Variation"
AngelLuque,Pratik_Ahiwale,1-0,A00,Van't Kruijs
DepsiED4,AngelLuque,1-0,C50,Giuoco Piano
AngelLuque,Ashvameda,0-1,C50,"Italian Game: Giuoco Pianissimo, Italian Four Knights Variation"
AngelLuque,EnTaroZeratul,0-1,A00,Van't Kruijs
Airborne-106,AngelLuque,1-0,C47,Four Knights Game: Italian Variation
AngelLuque,Edvard2003,1-0,A00,Van't Kruijs
baschtelhuba,AngelLuque,0-1,C00,French Defense: Knight Variation
AngelLuque,SuperGreyMan,0-1,A00,Van't Kruijs
AngelLuque,ljubitel,0-1,A00,Van't Kruijs
AustinJMeasday,AngelLuque,1-0,B00,King's Pawn
AngelLuque,pawnendgames,0-1,A00,Van't Kruijs
Artur2009ku,AngelLuque,1-0,B00,King's Pawn
PALT1TA,AngelLuque,1-0,B00,King's Pawn
iwmnt,AngelLuque,1-0,C00,French Defense: La Bourdonnais Variation
AngelLuque,MaCl000,0-1,A00,Van't Kruijs
AngelLuque,abg8687,0-1,C57,"Italian Game: Two Knights Defense, Knight Attack, Normal Variation"
abg8687,AngelLuque,0-1,C50,"Italian Game: Giuoco Pianissimo, Italian Four Knights Variation"
AngelLuque,qqqaaarrr,0-1,A00,Van't Kruijs
qqqaaarrr,AngelLuque,1-0,C00,Rat Defense: Small Center Defense
AngelLuque,qqqaaarrr,0-1,A00,Van't Kruijs
AngelLuque,benjtike,0-1,A00,Van't Kruijs
IlumInados2020,AngelLuque,0-1,C00,Rat Defense: Small Center Defense
AngelLuque,Vijaytheking64,0-1,A00,Van't Kruijs
Vijaytheking64,AngelLuque,1-0,C42,Russian Game: Italian Variation
AngelLuque,Vijaytheking64,0-1,C00,French Defense: Knight Variation
AngelLuque,gavity,0-1,A00,Van't Kruijs
NiklasHorn,AngelLuque,0-1,C00,French Defense: Knight Variation
AngelLuque,NiklasHorn,0-1,A00,Van't Kruijs
NiklasHorn,AngelLuque,1-0,C00,French Defense: Knight Variation
AngelLuque,Harsh01444,0-1,A00,Van't Kruijs
AngelLuque,niconico2011,1-0,B01,Scandinavian Defense: Mieses-Kotroc Variation
AngelLuque,gilaryaraujo12,0-1,C50,"Italian Game: Giuoco Pianissimo, Italian Four Knights Variation"
Vickaar,AngelLuque,1-0,C47,Four Knights Game
AngelLuque,sergiogelati,1-0,B10,Caro-Kann Defense
strok10,AngelLuque,1-0,D01,Rapport-Jobava System
kevi1998,AngelLuque,1-0,C00,French Defense: King's Indian Attack
AngelLuque,weetabixharry,1/2-1/2,B56,Sicilian Defense: Classical Variation
chessnycdylans,AngelLuque,0-1,A00,Van't Kruijs
AngelLuque,GotYourPieces,1-0,C20,King's Pawn Game: Leonardis Variation
ConanMunter,AngelLuque,1-0,A04,Zukertort : Queen's Gambit Invitation
WoodAri,AngelLuque,0-1,A40,Horwitz Defense
AngelLuque,Will14,0-1,A00,Van't Kruijs
AngelLuque,MishaUglov3,0-1,A00,Van't Kruijs
meter,AngelLuque,1-0,C00,French Defense: Knight Variation
AngelLuque,Sts9_13,0-1,A00,Van't Kruijs
WoodAri,AngelLuque,0-1,A40,Horwitz Defense
Samc12,AngelLuque,1-0,B00,King's Pawn
AngelLuque,meter,0-1,A00,Van't Kruijs
AngelLuque,JVOscar,1-0,A00,Mieses
KOMODO-6094,AngelLuque,1-0,A00,Saragossa
AngelLuque,Iamplayingonlyfan,0-1,C41,Philidor Defense
AngelLuque,ChessClash-XXX,0-1,-1,-1
ChessClash-XXX,AngelLuque,1-0,-1,-1
mariolui1978,AngelLuque,1-0,C23,Bishop's : Boi Variation
AngelLuque,johndecosta,0-1,A00,Van't Kruijs
Rivenwar,AngelLuque,1-0,C00,French Defense: Queen's Knight
Zkryaa3,AngelLuque,0-1,C00,French Defense
AngelLuque,Rivenwar,1/2-1/2,A00,Van't Kruijs
SAUSKevin,AngelLuque,0-1,A00,Van't Kruijs
AngelLuque,gloriousally,1-0,B00,Nimzowitsch Defense
Thegoodthechess2,AngelLuque,1-0,C00,French Defense: La Bourdonnais Variation
l-____-l,AngelLuque,1-0,C00,French Defense: Queen's Knight
AngelLuque,masterharv,0-1,A00,Van't Kruijs
TheLegendaryChess17,AngelLuque,0-1,-1,-1
AngelLuque,rikos11111,0-1,A00,Van't Kruijs
AngelLuque,Blackder,1-0,A00,Van't Kruijs
hojito83,AngelLuque,0-1,A13,English : Agincourt Defense
AngelLuque,Esteban_736,0-1,A00,Van't Kruijs
The_Bazigar,AngelLuque,1-0,A00,Van't Kruijs
AngelLuque,Craneman,1-0,A00,Van't Kruijs
Blackder,AngelLuque,1-0,A00,Van't Kruijs
pqrbnk,AngelLuque,1-0,A04,Zukertort : Queen's Gambit Invitation
AngelLuque,anymi,0-1,B01,Scandinavian Defense: Mieses-Kotroc Variation
hasblackburne,AngelLuque,1-0,C00,French Defense: Queen's Knight
Nusx2,AngelLuque,1-0,A13,English : Agincourt Defense
AngelLuque,Nusx2,1-0,A00,Van't Kruijs
AngelLuque,hasblackburne,0-1,A00,Van't Kruijs
hasblackburne,AngelLuque,1-0,C00,French Defense: Queen's Knight
imanfereyduni,AngelLuque,1-0,-1,-1
AngelLuque,Aocar,0-1,-1,-1
duchter,AngelLuque,1-0,A04,Zukertort : Pirc Invitation
AngelLuque,SASGIanP,1-0,A00,Van't Kruijs
e2e4g1f3,AngelLuque,1-0,B00,Pirc Defense
AngelLuque,Rudradeep_12,0-1,A00,Van't Kruijs
AngelLuque,JoshuaHolliday,0-1,A00,Van't Kruijs
luquitas2016,AngelLuque,1-0,A02,Bird
ShlaabAllmingty,AngelLuque,1-0,A40,Horwitz Defense
AngelLuque,Jebgy,1-0,A00,Van't Kruijs
AngelLuque,superpengha,0-1,A00,Van't Kruijs
ArturAbdrahimov,AngelLuque,1-0,A02,Bird
AngelLuque,InnateDistress,0-1,A00,Van't Kruijs
Hamletsway,AngelLuque,1-0,B00,Pirc Defense
AngelLuque,GoOjasRaj04A,0-1,C00,French Defense
amedhi1994,AngelLuque,1-0,A04,Zukertort : Queen's Gambit Invitation
InnateDistress,AngelLuque,1-0,A00,Kdas
Kochira,AngelLuque,1-0,A41,Old Indian Defense
AngelLuque,eli_legends2010,0-1,A00,Van't Kruijs
Jaquesito_2701,AngelLuque,1-0,A40,Horwitz Defense
AngelLuque,milligramme,0-1,A00,Van't Kruijs
AngelLuque,Vixman,0-1,A00,Van't Kruijs
nova_chika,AngelLuque,1-0,C00,French Defense
AngelLuque,lazzaretti,0-1,A00,Van't Kruijs
InnateDistress,AngelLuque,0-1,B00,Pirc Defense
AngelLuque,lazzaretti,1-0,A00,Van't Kruijs
Abdullahaditto27,AngelLuque,1-0,A00,Van't Kruijs
AngelLuque,Koushik_Assam,1-0,A00,Van't Kruijs
EJ111,AngelLuque,0-1,C00,French Defense: Knight Variation
AngelLuque,Radiolito,1-0,A00,Van't Kruijs
Wuitaker,AngelLuque,0-1,B00,Pirc Defense
AngelLuque,MSSANTOS,0-1,A00,Van't Kruijs
Pindia2007,AngelLuque,1-0,A00,Hungarian
AngelLuque,fastplayer95,0-1,A00,Van't Kruijs
LetsGetMESSI,AngelLuque,0-1,B00,Pirc Defense
MINI_KeylorCR,AngelLuque,1-0,A40,Horwitz Defense
AngelLuque,InnateDistress,0-1,A00,Van't Kruijs
AngelLuque,Starboy11,1-0,A00,Van't Kruijs
amedhi1994,AngelLuque,1-0,A04,Zukertort : Queen's Gambit Invitation
AngelLuque,Wuitaker,1-0,B06,Modern Defense
Saliha123,AngelLuque,1-0,A00,Saragossa
AngelLuque,Allawhussein,0-1,-1,-1
singh60,AngelLuque,1-0,C00,French Defense
AngelLuque,anar89,1-0,C00,French Defense: King's Indian Attack
AngelLuque,Ronald_Linares02,0-1,-1,-1
jchh,AngelLuque,1-0,A45,Indian Defense
Rubenmachado,AngelLuque,1-0,C36,King's Gambit Accepted: Modern Defense
AngelLuque,Dan_Bishop,0-1,-1,-1
blonder1pr,AngelLuque,1-0,C62,Ruy Lopez: Steinitz Defense
AngelLuque,colocolino42,0-1,B50,Sicilian Defense
GORA12,AngelLuque,1/2-1/2,C53,"Italian Game: Classical Variation, Giuoco Pianissimo"
AngelLuque,felipe_8,1-0,B00,Nimzowitsch Defense: Franco-Nimzowitsch Variation
jmtd,AngelLuque,1-0,E10,Indian Defense: Anti-Nimzo-Indian
AngelLuque,Cantinasss,0-1,C50,Italian Game
AngelLuque,miguelvieda2610,1/2-1/2,C46,Three Knights
Naomi_Kovacs2010,AngelLuque,0-1,C50,Four Knights Game: Italian Variation
Chicobestia,AngelLuque,0-1,C26,Vienna Game: Mieses Variation
AngelLuque,carlosbedoya,0-1,C40,King's Pawn Game: Busch-Gass Gambit
isarodriguez2012,AngelLuque,0-1,D00,Queen's Pawn Game
AngelLuque,Upegui-19,1-0,B10,Caro-Kann Defense
Puedolograrlo,AngelLuque,1-0,C62,Ruy Lopez: Steinitz Defense
fisicomedico,AngelLuque,1-0,A10,English
AngelLuque,Renetorrez_3,0-1,C42,Russian Game: Three Knights Game
niconico2011,AngelLuque,1-0,A45,Indian Defense
I_love_play_chess,AngelLuque,1-0,-1,-1
AngelLuque,I_love_play_chess,1/2-1/2,-1,-1
AngelLuque,mamamath76,0-1,A00,Van't Kruijs
mamamath76,AngelLuque,1-0,C00,French Defense: Knight Variation
AngelLuque,ashokphulera,0-1,A06,Zukertort : Tennison Gambit
AngelLuque,Bikexanim,1-0,B00,King's Pawn
Karpovmex,AngelLuque,1-0,C13,"French Defense: Classical Variation, Normal Variation"
AngelLuque,RobeRt_A,0-1,C47,Four Knights Game: Italian Variation
AngelLuque,Lilia2010,0-1,C50,Four Knights Game: Italian Variation
berniegm21,AngelLuque,1-0,C41,Philidor Defense
AngelLuque,amit247,0-1,C50,"Italian Game: Giuoco Pianissimo, Italian Four Knights Variation"
Alen20110402,AngelLuque,1-0,B00,King's Pawn
AngelLuque,reygene_santillan_37,0-1,C42,Russian Game: Three Knights Game
l44lieiaulch11,AngelLuque,1-0,A13,English : Agincourt Defense
AngelLuque,dksaxena,0-1,-1,-1
no_-today,AngelLuque,1-0,B00,King's Pawn
AngelLuque,Samvel_ChessMood,0-1,C00,French Defense: Knight Variation
dksaxena,AngelLuque,1-0,C50,"Italian Game: Giuoco Pianissimo, Italian Four Knights Variation"
amit247,AngelLuque,1-0,C45,Scotch Game
kasss1987,AngelLuque,1-0,C33,"King's Gambit Accepted: Bishop's Gambit, Cozio Defense"
AngelLuque,Jaggl,0-1,C20,King's Pawn Game
Ulacio,AngelLuque,1-0,A16,"English : Anglo-Indian Defense, Queen's Knight Variation"
miguelsimancas30,AngelLuque,1-0,D37,"Queen's Gambit Declined: Vienna Variation, Quiet Variation"
AngelLuque,Guarico04,0-1,C00,French Defense: Knight Variation
Pedroleonchessi,AngelLuque,1-0,A45,Indian Defense
AngelLuque,Hec57,0-1,-1,-1
Ajedrez0873,AngelLuque,1-0,A01,Nimzo-Larsen Attack
justMaestro,AngelLuque,1-0,C45,"Scotch Game: Classical Variation, Intermezzo Variation"
AngelLuque,VAKEESH,0-1,A00,Van't Kruijs
XxEmilianoxX,AngelLuque,1-0,A01,Nimzo-Larsen Attack
goodygoody,AngelLuque,1-0,A04,Zukertort : Queen's Gambit Invitation
AngelLuque,ikerpacheco,1-0,A00,Van't Kruijs
sarthakjagtap,AngelLuque,1-0,C00,French Defense: Knight Variation
Petrov_Matvei,AngelLuque,0-1,C20,King's Pawn Game: Leonardis Variation
AngelLuque,Gometius238,0-1,-1,-1
hakanpdr0,AngelLuque,1-0,C00,French Defense: Knight Variation
YakovShchegolkov,AngelLuque,1-0,A00,Van't Kruijs
Eliazi,AngelLuque,1/2-1/2,A45,Indian Defense
AngelLuque,Vahos_19,0-1,-1,-1
MagentaDock,AngelLuque,1-0,B00,King's Pawn
AngelLuque,rigotriana,0-1,-1,-1
AngelLuque,DanielBarreto,0-1,A00,Van't Kruijs
Abril_Espinoza,AngelLuque,1-0,C00,Rat Defense: Small Center Defense
jchh,AngelLuque,1-0,C34,King's Gambit Accepted: Schallopp Defense
AngelLuque,Abril_Espinoza,0-1,A00,Van't Kruijs
jeffren10,AngelLuque,1-0,C00,French Defense: Knight Variation
AngelLuque,oswaldobalza,0-1,-1,-1
jchh,AngelLuque,1-0,A54,Old Indian Defense: Ukrainian Variation
AngelLuque,Abril_Espinoza,0-1,A00,Van't Kruijs
Cacho22,AngelLuque,1-0,C00,French Defense
AngelLuque,cjop1,0-1,A00,Van't Kruijs
Abril_Espinoza,AngelLuque,1-0,B00,King's Pawn
oswaldobalza,AngelLuque,1-0,A40,Horwitz Defense
AngelLuque,oscarhernadez,0-1,A00,Van't Kruijs
AngelLuque,oswaldobalza,0-1,A06,Zukertort : Tennison Gambit
jchh,AngelLuque,1-0,A00,Mieses
AngelLuque,oscarhernadez,0-1,A00,Van't Kruijs
Abril_Espinoza,AngelLuque,1-0,C00,Rat Defense: Small Center Defense
AngelLuque,guadajg,0-1,A00,Van't Kruijs
jeffren10,AngelLuque,1-0,C00,French Defense: Chigorin Variation
Cacho22,AngelLuque,0-1,C41,Philidor Defense
AngelLuque,jchh,0-1,A00,Van't Kruijs
Cacho22,AngelLuque,1-0,C50,"Italian Game: Classical Variation, Albin Gambit"
taneqwerty,AngelLuque,1-0,C50,"Italian Game: Giuoco Pianissimo, Normal"
AngelLuque,reville238,0-1,C00,French Defense: Knight Variation
AngelLuque,SantiagoDavid,1-0,C42,Russian Game: Three Knights Game
SantiagoDavid,AngelLuque,0-1,C47,Four Knights Game: Scotch Variation Accepted
AngelLuque,Dulceluque,1-0,C20,King's Pawn Game: Wayward Queen Attack
AngelLuque,Dulceluque,0-1,B01,Scandinavian Defense
AngelLuque,FRED1963,0-1,B27,Sicilian Defense: Hyperaccelerated Fianchetto
AngelLuque,andisyahrul,1-0,B00,King's Pawn
The_Warrior_Of_LIGHT,AngelLuque,1-0,A40,Horwitz Defense
AngelLuque,STUPID-MISTAKE,0-1,A00,Van't Kruijs
AngelLuque,estebanp17,0-1,A00,Van't Kruijs
girlwithstarsforeyes,AngelLuque,1-0,A00,Van't Kruijs
PedroMeneses,AngelLuque,1-0,C62,Ruy Lopez: Steinitz Defense
AngelLuque,HADASSAH04,0-1,B32,Sicilian Defense: Accelerated Dragon
Andresky,AngelLuque,1-0,C51,Italian Game: Evans Gambit
AngelLuque,AlAcrAn13,0-1,C00,French Defense: Knight Variation
Desmedido,AngelLuque,1-0,A45,Indian Defense
AngelLuque,cristiann34,1-0,A00,Polish
wachufley,AngelLuque,1-0,C47,Four Knights Game: Scotch Variation Accepted
AngelLuque,Jesus_Rosales,0-1,B32,Sicilian Defense: Accelerated Dragon
ErasmoP,AngelLuque,1-0,C48,Four Knights Game: Spanish Variation
AngelLuque,The_Matrix_Chess,0-1,C47,Four Knights Game: Italian Variation
AngelLuque,PerozoA,0-1,C47,Four Knights Game: Italian Variation
gemarin,AngelLuque,1-0,D37,"Queen's Gambit Declined: Vienna Variation, Quiet Variation"
AngelLuque,Willpa30,0-1,C00,French Defense: Knight Variation
ValentinaJ_2005,AngelLuque,0-1,C62,Ruy Lopez: Steinitz Defense
reza2014,AngelLuque,1-0,D37,"Queen's Gambit Declined: Vienna Variation, Quiet Variation"
Fedya2010,AngelLuque,1-0,A00,Van't Kruijs
AngelLuque,Denis_88,0-1,A00,Van't Kruijs
Alanvarela10,AngelLuque,1-0,C34,King's Gambit Accepted: MacLeod Defense
AngelLuque,TuPapiRicoSoyYO,0-1,C00,French Defense: Knight Variation
Elen12,AngelLuque,1-0,C20,King's Pawn Game: Macleod Attack
AngelLuque,NestorP,1-0,C47,Four Knights Game: Italian Variation
Honfleur,AngelLuque,1-0,B00,King's Pawn
AngelLuque,laugomez,0-1,B54,"Sicilian Defense: Modern Variations, Main Line"
samuelpichi,AngelLuque,0-1,C50,Giuoco Piano
AngelLuque,ErasmoP,0-1,-1,-1
AngelLuque,lichess AI level 4,0-1,B10,Caro-Kann Defense: Two Knights Attack
lichess AI level 4,AngelLuque,1-0,C20,King's Pawn Game: Macleod Attack
AngelLuque,lichess AI level 4,0-1,B10,Caro-Kann Defense
AngelLuque,lichess AI level 3,0-1,C20,King's Pawn Game: Leonardis Variation
AngelLuque,lichess AI level 2,1-0,B01,Scandinavian Defense
AngelLuque,Zvonimiro,0-1,A00,Van't Kruijs
Cov19,AngelLuque,1-0,A51,Indian Defense: Budapest Defense
AngelLuque,jerrygc799,0-1,A00,Van't Kruijs
AngelLuque,Gabo944,0-1,A00,Van't Kruijs
noname709,AngelLuque,1-0,C40,King's Knight
Beaubouffon,AngelLuque,0-1,C00,Rat Defense: Small Center Defense
AngelLuque,escabio74,1-0,C24,Bishop's : Berlin Defense
AngelLuque,aniketgs,0-1,A06,Zukertort : Tennison Gambit
jeremiahbullfrog,AngelLuque,1-0,C23,Bishop's : Boi Variation
AngelLuque,felipe09am,1-0,C42,Russian Game: Italian Variation
Jimmyjim2,AngelLuque,1-0,D35,Queen's Gambit Declined: Normal Defense
AngelLuque,Felipe0000,0-1,B01,Scandinavian Defense: Mieses-Kotroc Variation
Juanpis_Marroquin,AngelLuque,0-1,C50,"Italian Game: Giuoco Pianissimo, Italian Four Knights Variation"
AngelLuque,maurex09py,0-1,C57,"Italian Game: Two Knights Defense, Fritz Variation"
Kakaroto_28,AngelLuque,1-0,C45,"Scotch Game: Classical Variation, Intermezzo Variation"
alejandromaxi,AngelLuque,0-1,C46,Three Knights
AngelLuque,HelenaGomez,0-1,B44,Sicilian Defense: Taimanov Variation
AngelLuque,abeethoven,0-1,B28,"Sicilian Defense: O'Kelly Variation, Normal System"
SilverViral,AngelLuque,0-1,D06,Queen's Gambit Declined: Marshall Defense
AngelLuque,JuanDavidPro,1-0,C50,Italian Game
AngelLuque,Jason64,0-1,B90,Sicilian Defense: Najdorf Variation
Yesivivian,AngelLuque,0-1,D02,Queen's Pawn Game: Symmetrical Variation
AngelLuque,lichess AI level 3,0-1,C00,French Defense: Knight Variation
lichess AI level 3,AngelLuque,1-0,A00,Englund Gambit Declined: Reversed French
AngelLuque,lichess AI level 3,0-1,C25,Vienna Game: Anderssen Defense
AngelLuque,lichess AI level 4,0-1,B02,Alekhine Defense: Scandinavian Variation
Osvaldo1,AngelLuque,1-0,A40,Horwitz Defense
propubg18,AngelLuque,0-1,-1,-1
AngelLuque,lichess AI level 1,0-1,-1,-1
Cacho22,AngelLuque,1-0,C00,French Defense: Normal Variation
AngelLuque,Ronald_Linares02,0-1,A00,Van't Kruijs
Cacho22,AngelLuque,1-0,C00,Rat Defense: Small Center Defense
AngelLuque,Alan_Abreu,0-1,A00,Van't Kruijs
Abril_Espinoza,AngelLuque,0-1,C00,Rat Defense: Small Center Defense
AngelLuque,Alan_Abreu,0-1,A00,Van't Kruijs
moisesbastidas7822,AngelLuque,1-0,A04,Zukertort : Queen's Gambit Invitation
AngelLuque,DanielBarreto,0-1,A00,Van't Kruijs
Alan_Abreu,AngelLuque,1-0,C00,French Defense
Ronald_Linares02,AngelLuque,1-0,C00,French Defense: King's Indian Attack
AngelLuque,Cacho22,1-0,A00,Van't Kruijs
gilaryaraujo12,AngelLuque,0-1,C00,Rat Defense: Small Center Defense
AngelLuque,guadajg,1-0,A00,Van't Kruijs
Ronald_Linares02,AngelLuque,0-1,C00,French Defense: Knight Variation
AngelLuque,moisesbastidas7822,0-1,A00,Van't Kruijs
Abril_Espinoza,AngelLuque,1-0,B00,King's Pawn
AngelLuque,Alan_Abreu,0-1,A00,Van't Kruijs
douglasabreu,AngelLuque,1-0,C41,Philidor Defense
AngelLuque,guadajg,1-0,A00,Van't Kruijs
DanielBarreto,AngelLuque,1-0,A04,Zukertort : Pirc Invitation
AngelLuque,douglasabreu,0-1,-1,-1
AngelLuque,lichess AI level 8,0-1,A00,Van't Kruijs
AngelLuque,siriusblck3,0-1,B44,Sicilian Defense: Taimanov Variation
AngelLuque,JasonYeung1,0-1,C00,French Defense
AngelLuque,Tronrun99,0-1,A00,Van't Kruijs
AngelLuque,BassGK,0-1,A00,Van't Kruijs
BassGK,AngelLuque,1-0,A02,Bird
AngelLuque,halilhs,0-1,A00,Van't Kruijs
halilhs,AngelLuque,1-0,C00,Rat Defense: Small Center Defense
KurtHamming,AngelLuque,1-0,C00,French Defense
AngelLuque,JasonYeung1,0-1,A00,Van't Kruijs
AngelLuque,Going_Under,0-1,A00,Van't Kruijs
Going_Under,AngelLuque,1-0,C00,French Defense: Normal Variation
AngelLuque,Going_Under,0-1,A00,Van't Kruijs
Going_Under,AngelLuque,0-1,C00,French Defense
lichess AI level 8,AngelLuque,1-0,C65,Ruy Lopez: Berlin Defense
AngelLuque,lichess AI level 8,0-1,C48,"Four Knights Game: Spanish Variation, Rubinstein Variation Accepted"
lichess AI level 8,AngelLuque,1-0,C62,Ruy Lopez: Steinitz Defense
AngelLuque,lichess AI level 8,0-1,C48,"Four Knights Game: Rubinstein Countergambit, Henneberger Variation"
lichess AI level 8,AngelLuque,1-0,C60,Ruy Lopez: Alapin Defense
AngelLuque,lichess AI level 8,0-1,B20,Sicilian Defense
lichess AI level 8,AngelLuque,1-0,C62,Ruy Lopez: Steinitz Defense
AngelLuque,lichess AI level 8,0-1,C20,King's Pawn Game: Leonardis Variation
lichess AI level 8,AngelLuque,1-0,C62,Ruy Lopez: Steinitz Defense
AngelLuque,lichess AI level 8,0-1,C20,Portuguese
lichess AI level 8,AngelLuque,1-0,C62,Ruy Lopez: Steinitz Defense
AngelLuque,lichess AI level 8,0-1,C25,Vienna Game: Anderssen Defense
irafavas,AngelLuque,1-0,C46,Three Knights
AngelLuque,Tycobb64,1/2-1/2,C50,Italian Game: Hungarian Defense
Macha202,AngelLuque,1-0,C34,King's Gambit Accepted: MacLeod Defense
AngelLuque,balachess1980,0-1,C41,Philidor Defense
AngelLuque,sensei-wu,0-1,-1,-1
AngelLuque,Angel_David_2003,0-1,A00,Van't Kruijs
Angel_David_2003,AngelLuque,1-0,C00,French Defense: Knight Variation
AngelLuque,Angel_David_2003,0-1,B20,Sicilian Defense
Angel_David_2003,AngelLuque,1-0,C00,French Defense: Queen's Knight
AngelLuque,Angel_David_2003,0-1,B20,Sicilian Defense
Angel_David_2003,AngelLuque,1-0,C00,French Defense: Knight Variation
AngelLuque,Angel_David_2003,1-0,B20,Sicilian Defense: Bowdler Attack
Angel_David_2003,AngelLuque,1-0,C00,French Defense: Queen's Knight
Wizard0112,AngelLuque,1-0,A40,Horwitz Defense
AngelLuque,dugong161,0-1,A00,Van't Kruijs
AngelLuque,AdrianoElias,0-1,-1,-1
DiegoA28,AngelLuque,1-0,C62,Ruy Lopez: Steinitz Defense
marzochess7,AngelLuque,1-0,C45,"Scotch Game: Classical Variation, Intermezzo Variation"
AngelLuque,JonasBallena,0-1,C27,Bishop's : Boden-Kieseritzky Gambit
Aragonian78,AngelLuque,1-0,C21,Danish Gambit
AngelLuque,Mhaid,0-1,B80,Sicilian Defense: Scheveningen Variation
ChessCuistot,AngelLuque,0-1,A00,Gedult's
kingLM_2007,AngelLuque,1-0,C00,French Defense: Knight Variation
AngelLuque,RaizRyannRoxas,0-1,A00,Van't Kruijs
AngelLuque,LonelyChessPiece,1-0,A00,Van't Kruijs
AngelLuque,iWonalready,0-1,B01,Scandinavian Defense
iWonalready,AngelLuque,1-0,A00,Van Geet
AngelLuque,minhhhhhh,0-1,A00,Van't Kruijs
Kaidanov,AngelLuque,1-0,C00,French Defense: Queen's Knight
Kaidanov,AngelLuque,1-0,C00,French Defense: Queen's Knight
AngelLuque,Kaidanov,1-0,A00,Van't Kruijs
Kaidanov,AngelLuque,1-0,C00,French Defense: Queen's Knight
AngelLuque,Kaidanov,1-0,A00,Van't Kruijs
Kaidanov,AngelLuque,0-1,C00,French Defense: Queen's Knight
AngelLuque,SaBbLe23,1-0,A00,Van't Kruijs
AngelLuque,kumpinha,1-0,C42,Russian Game: Three Knights Game
AngelLuque,willygalleta,0-1,C57,"Italian Game: Two Knights Defense, Knight Attack, Normal Variation"
GuerreroH2,AngelLuque,1-0,A41,Queen's Pawn Game
AngelLuque,whoisve,0-1,A00,Van't Kruijs
AngelLuque,franblu,1-0,B90,Sicilian Defense: Najdorf Variation
AngelLuque,cristiancastro,0-1,B01,Scandinavian Defense
willygalleta,AngelLuque,1-0,A40,Queen's Pawn Game
AngelLuque,Kutuz13,0-1,A00,Mieses : Reversed Rat
AngelLuque,JimmyLuciano,0-1,A00,Van't Kruijs
AngelLuque,jimmijares_11,0-1,B02,Alekhine Defense: Krejcik Variation
AngelLuque,jeffren10,0-1,B02,Alekhine Defense
guadajg,AngelLuque,1-0,C44,"Scotch Game: Scotch Gambit, Advance Variation"
AngelLuque,jeffren10,0-1,A00,Van't Kruijs
AngelLuque,samuel22bastidas,0-1,-1,-1
guadajg,AngelLuque,1-0,C55,"Italian Game: Scotch Gambit, Max Lange Attack, Spielmann Defense"
AngelLuque,jeffren10,0-1,B41,Sicilian Defense: Kan Variation
samuel22bastidas,AngelLuque,1-0,A45,Indian Defense
Massimocorona,AngelLuque,1-0,D06,Queen's Gambit Declined: Marshall Defense
thehikingbadger,AngelLuque,1-0,C23,Bishop's : Philidor Variation
a1perez,AngelLuque,0-1,C48,Four Knights Game: Spanish Variation
Zala6a,AngelLuque,1/2-1/2,C50,Italian Game
AngelLuque,omaeraaed,0-1,A00,Van't Kruijs
AngelLuque,Wizard0112,0-1,A00,Mieses
Jorgeguma89,AngelLuque,1-0,A45,Indian Defense
Karla2112,AngelLuque,1/2-1/2,C50,"Italian Game: Giuoco Pianissimo, Italian Four Knights Variation"
AngelLuque,AnIbalRodrIgueZ,0-1,B06,Modern Defense
madc431972,AngelLuque,0-1,C50,Giuoco Piano
cdano24,AngelLuque,1-0,D05,Queen's Pawn Game: Colle System
AngelLuque,Momchi,0-1,C50,Giuoco Piano
AngelLuque,alvajor44,0-1,C50,Italian Game: Anti-Fried Liver Defense
AngelLuque,mrDavidOne,0-1,A00,Van't Kruijs
Tommylyon,AngelLuque,1-0,C62,Ruy Lopez: Steinitz Defense
Oz456,AngelLuque,1-0,C44,King's Knight : Normal Variation
ArmandoZanella16,AngelLuque,1-0,C48,Four Knights Game: Spanish Variation
AngelLuque,lichess AI level 1,0-1,A00,Mieses
lichess AI level 1,AngelLuque,1-0,A41,Queen's Pawn Game
AngelLuque,lichess AI level 1,0-1,A00,Mieses
lichess AI level 1,AngelLuque,1-0,B00,Pirc Defense
AngelLuque,lichess AI level 1,0-1,A00,Mieses
lichess AI level 1,AngelLuque,1-0,B00,Pirc Defense
AngelLuque,lichess AI level 1,0-1,A00,Mieses : Reversed Rat
lichess AI level 1,AngelLuque,1-0,A00,Van't Kruijs
AngelLuque,lichess AI level 1,0-1,A00,Mieses
lichess AI level 1,AngelLuque,1-0,A04,Zukertort : Pirc Invitation
AngelLuque,lichess AI level 1,0-1,A00,Van't Kruijs
lichess AI level 1,AngelLuque,1-0,C00,French Defense: King's Indian Attack
AngelLuque,lichess AI level 1,0-1,A00,Van't Kruijs
AngelLuque,lichess AI level 1,0-1,A00,Mieses
lichess AI level 1,AngelLuque,1-0,A00,Mieses
AngelLuque,lichess AI level 1,0-1,A00,Mieses : Reversed Rat
lichess AI level 1,AngelLuque,1-0,A00,Van't Kruijs
AngelLuque,lichess AI level 1,0-1,A00,Mieses
lichess AI level 1,AngelLuque,1-0,B00,Pirc Defense
AngelLuque,lichess AI level 1,0-1,A00,Van't Kruijs
lichess AI level 1,AngelLuque,0-1,A00,Van't Kruijs
appleiphone5s,AngelLuque,1-0,C53,Italian Game: Classical Variation
AngelLuque,shahmate,0-1,C20,King's Pawn Game: Wayward Queen Attack
Elbuenamigo,AngelLuque,1-0,C00,Rat Defense: Small Center Defense
AngelLuque,shahmate,1-0,C23,Bishop's
Elbuenamigo,AngelLuque,1-0,C45,Scotch Game: Classical Variation
AngelLuque,shahmate,0-1,A00,Van't Kruijs
Elbuenamigo,AngelLuque,1-0,C41,Philidor Defense
AngelLuque,John_Kozlov,0-1,B32,Sicilian Defense: Accelerated Dragon
shahmate,AngelLuque,0-1,A01,Nimzo-Larsen Attack
AngelLuque,Elbuenamigo,0-1,C20,King's Pawn Game: Wayward Queen Attack
shahmate,AngelLuque,1-0,B00,Pirc Defense
AngelLuque,John_Kozlov,0-1,B20,Sicilian Defense: Bowdler Attack
AngelLuque,Anwesia,1-0,A00,Van't Kruijs
jacksilany,AngelLuque,0-1,C45,"Scotch Game: Classical Variation, Intermezzo Variation"
Cacho22,AngelLuque,0-1,C23,Bishop's : Boi Variation
AngelLuque,Yosecarrasco,1-0,C00,French Defense
jacksilany,AngelLuque,1-0,C44,Scotch Game
TokiWoTomato,AngelLuque,1-0,A00,Van't Kruijs
AngelLuque,hurad,1-0,C23,Bishop's
cretunker,AngelLuque,0-1,C47,Four Knights Game: Scotch Variation
Nikolay13gritsyk,AngelLuque,0-1,C23,Bishop's : Khan Gambit
AngelLuque,lichess AI level 1,0-1,A00,Van't Kruijs
AngelLuque,lichess AI level 8,0-1,C20,Portuguese
AngelLuque,lichess AI level 2,1-0,C00,French Defense: King's Indian Attack
AngelLuque,lichess AI level 1,1-0,C00,French Defense: Knight Variation
moisesbastidas7822,AngelLuque,0-1,A04,Zukertort : Black Mustang Defense
AngelLuque,Cacho22,0-1,A00,Van't Kruijs
AngelLuque,jeffren10,0-1,B02,Alekhine Defense
jchh,AngelLuque,1-0,C34,King's Gambit Accepted: MacLeod Defense
samuel22bastidas,AngelLuque,1-0,D00,Queen's Pawn Game: Stonewall Attack
AngelLuque,moisesbastidas7822,0-1,A00,Van't Kruijs
jchh,AngelLuque,1-0,A41,Old Indian Defense
AngelLuque,jeffren10,0-1,A00,Van't Kruijs
Cacho22,AngelLuque,1-0,C00,French Defense: Normal Variation
AngelLuque,samuel22bastidas,0-1,A00,Van't Kruijs
AngelLuque,Cacho22,1-0,A00,Van't Kruijs
jchh,AngelLuque,1-0,A03,Bird : Dutch Variation
jeffren10,AngelLuque,1-0,C50,Italian Game
AngelLuque,Cacho22,0-1,A00,Van't Kruijs
AngelLuque,DanielBarreto,0-1,A00,Van't Kruijs
moisesbastidas7822,AngelLuque,1-0,A04,Zukertort : Black Mustang Defense
Igor55555,AngelLuque,1-0,A45,"Queen's Pawn Game: Veresov, Richter Attack"
AngelLuque,Igor55555,0-1,B00,Owen Defense: Smith Gambit
Bnov,AngelLuque,1/2-1/2,D00,Blackmar Gambit
RUBENPM,AngelLuque,1-0,C34,King's Gambit Accepted: MacLeod Defense
AngelLuque,simonr2,0-1,C50,Italian Game: Anti-Fried Liver Defense
ErnestoRondon,AngelLuque,1-0,C44,"Scotch Game: Gring Gambit, Double Pawn Sacrifice"
AngelLuque,fernan2008,0-1,B54,"Sicilian Defense: Modern Variations, Main Line"
Luis_Mata,AngelLuque,1-0,C50,Italian Game: Giuoco Pianissimo
AngelLuque,Cesar-garbino,0-1,B01,Scandinavian Defense: Mieses-Kotroc Variation
kevin6765,AngelLuque,1-0,A45,Indian Defense
AngelLuque,Alekhine571,0-1,C58,"Italian Game: Two Knights Defense, Polerio Defense"
fmalexhdez,AngelLuque,1-0,C51,Italian Game: Evans Gambit Declined
yosephtop,AngelLuque,0-1,-1,-1
AngelLuque,jorgedibe,1/2-1/2,C58,"Italian Game: Two Knights Defense, Polerio Defense"
perdomod,AngelLuque,1/2-1/2,C26,"Bishop's : Vienna Hybrid, Spielmann Attack"
AngelLuque,Olvidaloo,0-1,B40,Sicilian Defense: Pin Variation
Granadillostrong,AngelLuque,1-0,A01,Nimzo-Larsen Attack: Indian Variation
AngelLuque,supercol,1/2-1/2,C41,Philidor Defense
Luis_Mata,AngelLuque,1/2-1/2,C50,Italian Game: Giuoco Pianissimo
AngelLuque,Carlos_Beltran,0-1,B01,Scandinavian Defense: Modern Variation
lichess AI level 1,AngelLuque,1-0,D00,Queen's Pawn Game
GersonV,AngelLuque,1-0,C47,Four Knights Game
AngelLuque,volantt,0-1,B01,Scandinavian Defense: Mieses-Kotroc Variation
JRRJChess,AngelLuque,1/2-1/2,C20,King's Pawn Game: Wayward Queen Attack
AngelLuque,Blacknight111,0-1,B54,"Sicilian Defense: Modern Variations, Main Line"
jarib79,AngelLuque,0-1,A04,Zukertort : Black Mustang Defense
AngelLuque,IvanP_1,1-0,C23,Bishop's : Boi Variation
raseyns,AngelLuque,1-0,A00,Van't Kruijs
AngelLuque,men770d,0-1,A00,Van't Kruijs
ruizcobo,AngelLuque,1-0,B00,Pirc Defense
AngelLuque,Savorymagnet,0-1,A00,Van't Kruijs
Savorymagnet,AngelLuque,1-0,A00,Van Geet
AngelLuque,Savorymagnet,0-1,A00,Van't Kruijs
Savorymagnet,AngelLuque,1-0,A00,Van Geet
AngelLuque,Savorymagnet,0-1,B02,Alekhine Defense: Krejcik Variation
Savorymagnet,AngelLuque,0-1,A00,Van Geet
AngelLuque,DencaX,0-1,A00,Van't Kruijs
DencaX,AngelLuque,1-0,A00,Van Geet
AngelLuque,DencaX,1-0,B01,Scandinavian Defense
AngelLuque,dankemario,1-0,A00,Van't Kruijs
AngelLuque,High1111,1-0,B02,Alekhine Defense: Krejcik Variation
Joycie7,AngelLuque,0-1,C50,Giuoco Piano
AngelLuque,Black311,0-1,A00,Van't Kruijs
AngelLuque,demig888,1-0,B02,Alekhine Defense: Krejcik Variation
jubal61,AngelLuque,1-0,C44,King's Knight : Normal Variation
Faddista,AngelLuque,1-0,C30,King's Gambit
AngelLuque,BurakkCetin010,0-1,A00,Van't Kruijs
theneverboy,AngelLuque,1-0,A41,Queen's Pawn Game
Aulady2009,AngelLuque,1-0,C26,Vienna Game: Falkbeer Variation
AngelLuque,milikhafif,1-0,C00,French Defense
AngelLuque,gigiz,1-0,A00,Van't Kruijs
not_miso_soup,AngelLuque,1-0,C00,French Defense: Knight Variation
BM1964,AngelLuque,0-1,C00,French Defense: Knight Variation
AngelLuque,noman231,1-0,A00,Van't Kruijs
AngelLuque,san1985,0-1,A00,Van't Kruijs
futuredevo,AngelLuque,1-0,A45,Indian Defense
Alston_boy,AngelLuque,1-0,-1,-1
AngelLuque,jagrut123456,0-1,D05,Queen's Pawn Game: Colle System
